{
    "Pruner0": 
    {
        "class": "LTH",
        "rewind_epoch": 0.5,
        "num_stages": 5,
        "weights": 
        {
            "conv_stem": 0,
            "blocks.0.0.conv_exp": 0,
            "blocks.0.0.conv_pwl": 0,
            "blocks.1.0.conv_exp": 0.49999999999999994,
            "blocks.1.0.conv_pwl": 0.49999999999999994,
            "blocks.1.1.conv_exp": 0.6222222222222222,
            "blocks.1.1.conv_pwl": 0.8555555555555556,
            "blocks.2.0.conv_exp": 0.6222222222222222,
            "blocks.2.0.conv_pwl": 0.49999999999999994,
            "blocks.2.1.conv_exp": 0.8,
            "blocks.2.1.conv_pwl": 0.9,
            "blocks.2.2.conv_exp": 0.8555555555555556,
            "blocks.2.2.conv_pwl": 0.9,
            "blocks.2.3.conv_exp": 0.8,
            "blocks.2.3.conv_pwl": 0.9,
            "blocks.3.0.conv_pw": 0.49999999999999994,
            "blocks.3.0.conv_pwl": 0,
            "blocks.3.1.conv_pw": 0.9,
            "blocks.3.1.conv_pwl": 0.9,
            "blocks.3.2.conv_pw": 0.9,
            "blocks.3.2.conv_pwl": 0.9,
            "blocks.3.3.conv_pw": 0.9,
            "blocks.3.3.conv_pwl": 0.888888888888889,
            "blocks.3.4.conv_pw": 0.9,
            "blocks.3.4.conv_pwl": 0.9,
            "blocks.4.0.conv_pw": 0.49999999999999994,
            "blocks.4.0.conv_pwl": 0,
            "blocks.4.1.conv_pw": 0.888888888888889,
            "blocks.4.1.conv_pwl": 0.6222222222222222,
            "blocks.4.2.conv_pw": 0.9,
            "blocks.4.2.conv_pwl": 0.49999999999999994,
            "blocks.4.3.conv_pw": 0.8555555555555556,
            "blocks.4.3.conv_pwl": 0.49999999999999994,
            "blocks.5.0.conv_pw": 0.49999999999999994,
            "blocks.5.0.conv_pwl": 0,
            "blocks.5.1.conv_pw": 0.8,
            "blocks.5.1.conv_pwl": 0.6222222222222222,
            "conv_head": 0.6222222222222222,
            "classifier": 0.6222222222222222
        }
    }
}